{
  "FilterHeaders": [
    {
      "Header": "user-agent",
      "IncludeInScript": false
    },
    {
      "Header": "upgrade-insecure-requests",
      "IncludeInScript": true
    },
    {
      "Header": "upgrade",
      "IncludeInScript": false
    },
    {
      "Header": "sec-websocket-version",
      "IncludeInScript": true
    },
    {
      "Header": "sec-websocket-protocol",
      "IncludeInScript": true
    },
    {
      "Header": "sec-websocket-key",
      "IncludeInScript": true
    },
    {
      "Header": "sec-websocket-extensions",
      "IncludeInScript": true
    },
    {
      "Header": "sec-fetch-user",
      "IncludeInScript": true
    },
    {
      "Header": "sec-fetch-site",
      "IncludeInScript": true
    },
    {
      "Header": "sec-fetch-mode",
      "IncludeInScript": true
    },
    {
      "Header": "sec-fetch-dest",
      "IncludeInScript": true
    },
    {
      "Header": "pragma",
      "IncludeInScript": false
    },
    {
      "Header": "origin",
      "IncludeInScript": true
    },
    {
      "Header": "cache-control",
      "IncludeInScript": false
    },
    {
      "Header": "accept-language",
      "IncludeInScript": false
    },
    {
      "Header": "accept-encoding",
      "IncludeInScript": false
    },
    {
      "Header": "accept",
      "IncludeInScript": false
    }
  ],
  "FilterResources": [
    {
      "IsNonResource": true,
      "type": "text/html"
    },
    {
      "IsNonResource": false,
      "type": "image/png"
    },
    {
      "IsNonResource": false,
      "type": "image/gif"
    }
  ],
  "GeneralInfo": {
    "BrowserVersion": "",
    "IsWinInetMode": false,
    "MaxUsedConnections": 25,
    "RecordedBrowser": "Firefox",
    "RecordingDate": "Р В Р’В Р В Р вЂ№Р В Р вЂ Р В РІР‚С™Р РЋРІР‚С”Р В Р’В Р вЂ™Р’В Р В РІР‚в„ўР вЂ™Р’ВµР В Р’В Р вЂ™Р’В Р В Р’В Р Р†Р вЂљР’В -01-2024",
    "RecordingDuration": 64109,
    "RecordingMode": "N/A",
    "RecordingTimeStamp": 1706774834,
    "RecordingType": "Proxy",
    "TotalBytesReceived": 58151,
    "TotalBytesSent": 18321,
    "TotalRequests": 25,
    "UserAgent": "Mozilla/5.0 (Windows NT 10.0; Win64; x64; rv:121.0) Gecko/20100101 Firefox/121.0"
  },
  "HostInfo": [
    {
      "DomainName": "yandex.ru",
      "Domains": [
        {
          "HTTPVersion": "HTTP/1.1",
          "IP": "213.180.193.234",
          "IncludeInScript": false,
          "Name": "api.browser.yandex.ru",
          "Port": 443,
          "Requests": [
            {
              "CompressionType": "",
              "DataType": "",
              "DownloadTime": 0,
              "EventId": 280,
              "HttpStatus": 200,
              "Size": 0,
              "URL": "https://api.browser.yandex.ru/uma_proto"
            },
            {
              "CompressionType": "",
              "DataType": "",
              "DownloadTime": 16,
              "EventId": 226,
              "HttpStatus": 200,
              "Size": 0,
              "URL": "https://api.browser.yandex.ru/uma_proto"
            },
            {
              "CompressionType": "",
              "DataType": "",
              "DownloadTime": 0,
              "EventId": 197,
              "HttpStatus": 200,
              "Size": 0,
              "URL": "https://api.browser.yandex.ru/uma_proto"
            },
            {
              "CompressionType": "gzip",
              "DataType": "application/json",
              "DownloadTime": 0,
              "EventId": 138,
              "HttpStatus": 200,
              "Size": 580,
              "URL": "https://api.browser.yandex.ru/cupdate/get?cup2key=13:MYgrtH0FEM5PJDLlu5HrRY23EEB5zgUnCwg442OGi7Q&cup2hreq=2b67a2be5f6d2aa28cad305a85e94ed5659565d141d404b6dd2cc157d5aa1f98"
            },
            {
              "CompressionType": "",
              "DataType": "",
              "DownloadTime": 15,
              "EventId": 116,
              "HttpStatus": 200,
              "Size": 0,
              "URL": "https://api.browser.yandex.ru/uma_proto"
            },
            {
              "CompressionType": "",
              "DataType": "",
              "DownloadTime": 15,
              "EventId": 91,
              "HttpStatus": 200,
              "Size": 0,
              "URL": "https://api.browser.yandex.ru/uma_proto"
            }
          ],
          "SSLCipher": "",
          "SSLVersion": "TLS1.2"
        }
      ],
      "IncludeInScript": true
    },
    {
      "DomainName": "windows.com",
      "Domains": [
        {
          "HTTPVersion": "HTTP/1.1",
          "IP": "20.44.229.112",
          "IncludeInScript": false,
          "Name": "activity.windows.com",
          "Port": 443,
          "Requests": [
            {
              "CompressionType": "",
              "DataType": "application/json",
              "DownloadTime": 0,
              "EventId": 260,
              "HttpStatus": 404,
              "Size": 61,
              "URL": "https://activity.windows.com/v3/feeds/me/activities?groupid=default%24windows.data.security.vault.webcredentials%24webcredentialscloudstore"
            },
            {
              "CompressionType": "",
              "DataType": "application/json",
              "DownloadTime": 0,
              "EventId": 245,
              "HttpStatus": 404,
              "Size": 61,
              "URL": "https://activity.windows.com/v3/feeds/me/activities?groupid=default%24windows.data.security.vault.webcredentials%24webcredentialscloudstore"
            }
          ],
          "SSLCipher": "",
          "SSLVersion": "TLS1.2"
        }
      ],
      "IncludeInScript": true
    },
    {
      "DomainName": "mozilla.org",
      "Domains": [
        {
          "HTTPVersion": "HTTP/1.1",
          "IP": "34.120.208.123",
          "IncludeInScript": false,
          "Name": "incoming.telemetry.mozilla.org",
          "Port": 443,
          "Requests": [
            {
              "CompressionType": "gzip",
              "DataType": "text/plain",
              "DownloadTime": 16,
              "EventId": 372,
              "HttpStatus": 200,
              "Size": 20,
              "URL": "https://incoming.telemetry.mozilla.org/submit/firefox-desktop/newtab/1/e4ef4748-16c9-41c0-b515-c8cddd5aa07f"
            },
            {
              "CompressionType": "gzip",
              "DataType": "text/plain",
              "DownloadTime": 0,
              "EventId": 367,
              "HttpStatus": 200,
              "Size": 20,
              "URL": "https://incoming.telemetry.mozilla.org/submit/firefox-desktop/messaging-system/1/bf437ceb-d9ea-4fd6-9696-9b48d3e34012"
            },
            {
              "CompressionType": "gzip",
              "DataType": "text/plain",
              "DownloadTime": 0,
              "EventId": 362,
              "HttpStatus": 200,
              "Size": 20,
              "URL": "https://incoming.telemetry.mozilla.org/submit/firefox-desktop/messaging-system/1/7169bc69-93c3-487f-8f10-769d49df85b6"
            },
            {
              "CompressionType": "gzip",
              "DataType": "text/plain",
              "DownloadTime": 0,
              "EventId": 357,
              "HttpStatus": 200,
              "Size": 20,
              "URL": "https://incoming.telemetry.mozilla.org/submit/firefox-desktop/baseline/1/3edfc05d-0b51-43e8-a35d-72d71c829b9b"
            },
            {
              "CompressionType": "gzip",
              "DataType": "text/plain",
              "DownloadTime": 0,
              "EventId": 352,
              "HttpStatus": 200,
              "Size": 20,
              "URL": "https://incoming.telemetry.mozilla.org/submit/firefox-desktop/newtab/1/173bfebe-0924-4915-a297-64c7deca425b"
            },
            {
              "CompressionType": "gzip",
              "DataType": "text/plain",
              "DownloadTime": 0,
              "EventId": 347,
              "HttpStatus": 200,
              "Size": 20,
              "URL": "https://incoming.telemetry.mozilla.org/submit/telemetry/5f0fdb41-4ba2-4edd-9ef9-f77dbb4627a1/main/Firefox/121.0.1/release/20240108143603?v=4"
            },
            {
              "CompressionType": "gzip",
              "DataType": "text/plain",
              "DownloadTime": 0,
              "EventId": 342,
              "HttpStatus": 200,
              "Size": 20,
              "URL": "https://incoming.telemetry.mozilla.org/submit/telemetry/c5e45f09-7c41-4475-bf6c-c41b8c934482/event/Firefox/121.0.1/release/20240108143603?v=4"
            },
            {
              "CompressionType": "gzip",
              "DataType": "text/plain",
              "DownloadTime": 16,
              "EventId": 284,
              "HttpStatus": 200,
              "Size": 20,
              "URL": "https://incoming.telemetry.mozilla.org/submit/firefox-desktop/events/1/a3ccab76-b10b-46ab-9793-17cdee6fe54b"
            },
            {
              "CompressionType": "gzip",
              "DataType": "text/plain",
              "DownloadTime": 16,
              "EventId": 275,
              "HttpStatus": 200,
              "Size": 20,
              "URL": "https://incoming.telemetry.mozilla.org/submit/firefox-desktop/use-counters/1/6aa35888-0e50-4b50-b73e-ef89674979e6"
            },
            {
              "CompressionType": "gzip",
              "DataType": "text/plain",
              "DownloadTime": 0,
              "EventId": 270,
              "HttpStatus": 200,
              "Size": 20,
              "URL": "https://incoming.telemetry.mozilla.org/submit/firefox-desktop/newtab/1/16637717-c7b6-42c2-93b9-742710380066"
            },
            {
              "CompressionType": "gzip",
              "DataType": "text/plain",
              "DownloadTime": 47,
              "EventId": 265,
              "HttpStatus": 200,
              "Size": 20,
              "URL": "https://incoming.telemetry.mozilla.org/submit/firefox-desktop/messaging-system/1/f55f4fc7-a3d1-4976-a428-232b2c411955"
            },
            {
              "CompressionType": "gzip",
              "DataType": "text/plain",
              "DownloadTime": 0,
              "EventId": 255,
              "HttpStatus": 200,
              "Size": 20,
              "URL": "https://incoming.telemetry.mozilla.org/submit/firefox-desktop/messaging-system/1/789a4b52-6bea-4016-825a-3f0e69ae08c0"
            },
            {
              "CompressionType": "gzip",
              "DataType": "text/plain",
              "DownloadTime": 0,
              "EventId": 250,
              "HttpStatus": 200,
              "Size": 20,
              "URL": "https://incoming.telemetry.mozilla.org/submit/firefox-desktop/baseline/1/41d51f79-30ac-4afc-bd78-901ce9980bad"
            },
            {
              "CompressionType": "gzip",
              "DataType": "text/plain",
              "DownloadTime": 15,
              "EventId": 240,
              "HttpStatus": 200,
              "Size": 20,
              "URL": "https://incoming.telemetry.mozilla.org/submit/firefox-desktop/newtab/1/50ac9d45-deca-45a1-9aad-519ac059fffe"
            },
            {
              "CompressionType": "gzip",
              "DataType": "text/plain",
              "DownloadTime": 0,
              "EventId": 235,
              "HttpStatus": 200,
              "Size": 20,
              "URL": "https://incoming.telemetry.mozilla.org/submit/firefox-desktop/events/1/506b49d0-b376-4735-95cc-1e93b7980785"
            },
            {
              "CompressionType": "gzip",
              "DataType": "text/plain",
              "DownloadTime": 0,
              "EventId": 230,
              "HttpStatus": 200,
              "Size": 20,
              "URL": "https://incoming.telemetry.mozilla.org/submit/firefox-desktop/use-counters/1/9753fe49-1d19-4151-84a3-fb1587535edd"
            },
            {
              "CompressionType": "gzip",
              "DataType": "text/plain",
              "DownloadTime": 0,
              "EventId": 221,
              "HttpStatus": 200,
              "Size": 20,
              "URL": "https://incoming.telemetry.mozilla.org/submit/firefox-desktop/newtab/1/b48fd0eb-ec1a-4346-886a-50c3f6ce25d2"
            },
            {
              "CompressionType": "gzip",
              "DataType": "text/plain",
              "DownloadTime": 0,
              "EventId": 192,
              "HttpStatus": 200,
              "Size": 20,
              "URL": "https://incoming.telemetry.mozilla.org/submit/firefox-desktop/messaging-system/1/93cb5a22-2e01-45f5-8393-fe773faad0bb"
            },
            {
              "CompressionType": "gzip",
              "DataType": "text/plain",
              "DownloadTime": 0,
              "EventId": 155,
              "HttpStatus": 200,
              "Size": 20,
              "URL": "https://incoming.telemetry.mozilla.org/submit/firefox-desktop/messaging-system/1/06123bb7-50c8-4a92-9b8f-d2a0ac4b798d"
            },
            {
              "CompressionType": "gzip",
              "DataType": "text/plain",
              "DownloadTime": 0,
              "EventId": 133,
              "HttpStatus": 200,
              "Size": 20,
              "URL": "https://incoming.telemetry.mozilla.org/submit/firefox-desktop/baseline/1/466f195b-c5d7-4545-887d-d546cf3afe0f"
            },
            {
              "CompressionType": "gzip",
              "DataType": "text/plain",
              "DownloadTime": 15,
              "EventId": 111,
              "HttpStatus": 200,
              "Size": 20,
              "URL": "https://incoming.telemetry.mozilla.org/submit/firefox-desktop/newtab/1/ac981887-57d0-4a80-b7e9-7a9043e9387a"
            },
            {
              "CompressionType": "gzip",
              "DataType": "text/plain",
              "DownloadTime": 0,
              "EventId": 62,
              "HttpStatus": 200,
              "Size": 20,
              "URL": "https://incoming.telemetry.mozilla.org/submit/messaging-system/undesired-events/1/c7f786c2-5b14-4006-8317-303a18c07227"
            }
          ],
          "SSLCipher": "",
          "SSLVersion": "TLS1.2"
        },
        {
          "HTTPVersion": "HTTP/1.1",
          "IP": "35.244.181.201",
          "IncludeInScript": false,
          "Name": "aus5.mozilla.org",
          "Port": 443,
          "Requests": [
            {
              "CompressionType": "gzip",
              "DataType": "text/xml",
              "DownloadTime": 0,
              "EventId": 57,
              "HttpStatus": 200,
              "Size": 565,
              "URL": "https://aus5.mozilla.org/update/6/Firefox/121.0.1/20240108143603/WINNT_x86_64-msvc-x64/en-US/release/Windows_NT%252010.0.0.0.22621.3007%2520(x64)/ISET%3ASSE4_2%2CMEM%3A16183/default/default/update.xml?force=1"
            }
          ],
          "SSLCipher": "",
          "SSLVersion": "TLS1.2"
        }
      ],
      "IncludeInScript": true
    },
    {
      "DomainName": "mozilla.com",
      "Domains": [
        {
          "HTTPVersion": "HTTP/1.1",
          "IP": "34.107.243.93",
          "IncludeInScript": false,
          "Name": "push.services.mozilla.com",
          "Port": 443,
          "Requests": [
            {
              "CompressionType": "",
              "DataType": "text/html",
              "DownloadTime": 15,
              "EventId": 318,
              "HttpStatus": 400,
              "Size": 0,
              "URL": "https://push.services.mozilla.com/"
            },
            {
              "CompressionType": "",
              "DataType": "text/html",
              "DownloadTime": 0,
              "EventId": 217,
              "HttpStatus": 400,
              "Size": 0,
              "URL": "https://push.services.mozilla.com/"
            },
            {
              "CompressionType": "",
              "DataType": "text/html",
              "DownloadTime": 0,
              "EventId": 107,
              "HttpStatus": 400,
              "Size": 0,
              "URL": "https://push.services.mozilla.com/"
            },
            {
              "CompressionType": "",
              "DataType": "text/html",
              "DownloadTime": 0,
              "EventId": 53,
              "HttpStatus": 400,
              "Size": 0,
              "URL": "https://push.services.mozilla.com/"
            }
          ],
          "SSLCipher": "",
          "SSLVersion": "TLS1.2"
        },
        {
          "HTTPVersion": "HTTP/1.1",
          "IP": "34.117.237.239",
          "IncludeInScript": false,
          "Name": "contile.services.mozilla.com",
          "Port": 443,
          "Requests": [
            {
              "CompressionType": "",
              "DataType": "",
              "DownloadTime": 16,
              "EventId": 37,
              "HttpStatus": 204,
              "Size": 0,
              "URL": "https://contile.services.mozilla.com/v1/tiles"
            }
          ],
          "SSLCipher": "",
          "SSLVersion": "TLS1.2"
        }
      ],
      "IncludeInScript": true
    },
    {
      "DomainName": "microsoft.com",
      "Domains": [
        {
          "HTTPVersion": "HTTP/1.1",
          "IP": "2.23.167.217",
          "IncludeInScript": false,
          "Name": "msedge.b.tlu.dl.delivery.mp.microsoft.com",
          "Port": 80,
          "Requests": [
            {
              "CompressionType": "",
              "DataType": "application/x-chrome-extension",
              "DownloadTime": 0,
              "EventId": 213,
              "HttpStatus": 200,
              "Size": 0,
              "URL": "http://msedge.b.tlu.dl.delivery.mp.microsoft.com/filestreamingservice/files/d5b6cfa3-65e0-47ae-909b-f7bcff328576?P1=1707189034&P2=404&P3=2&P4=TH9ygUIwgnImbutwrfO%2f47Ojjbvx4ZWwZ16%2fe5jvLLcac8Ztv71L42jRTuyhrcXlHznDo%2bTqMmHrAiLYQ3xFbQ%3d%3d"
            },
            {
              "CompressionType": "",
              "DataType": "application/x-chrome-extension",
              "DownloadTime": 0,
              "EventId": 151,
              "HttpStatus": 200,
              "Size": 0,
              "URL": "http://msedge.b.tlu.dl.delivery.mp.microsoft.com/filestreamingservice/files/3c7a3f36-01f6-4411-ae6f-43cf004a8742?P1=1707295239&P2=404&P3=2&P4=mqURbTnkmxoudQgOvL8vfzPVglv%2fXm28ejMsAk1VOOanyHmBZ8P8HhrBHywslE1QFaRDd4efoLEtfoHnzLdY3g%3d%3d"
            }
          ],
          "SSLCipher": "None",
          "SSLVersion": "None"
        },
        {
          "HTTPVersion": "HTTP/1.1",
          "IP": "204.79.197.239",
          "IncludeInScript": false,
          "Name": "edge.microsoft.com",
          "Port": 443,
          "Requests": [
            {
              "CompressionType": "gzip",
              "DataType": "application/json",
              "DownloadTime": 0,
              "EventId": 289,
              "HttpStatus": 200,
              "Size": 178,
              "URL": "https://edge.microsoft.com/componentupdater/api/v1/update"
            },
            {
              "CompressionType": "gzip",
              "DataType": "application/json",
              "DownloadTime": 0,
              "EventId": 209,
              "HttpStatus": 200,
              "Size": 178,
              "URL": "https://edge.microsoft.com/componentupdater/api/v1/update"
            },
            {
              "CompressionType": "gzip",
              "DataType": "application/json",
              "DownloadTime": 0,
              "EventId": 147,
              "HttpStatus": 200,
              "Size": 1605,
              "URL": "https://edge.microsoft.com/componentupdater/api/v1/update?cup2key=6:qjA7sI4vcGtAXEsJF_tM86jwsTIiRlX1c1t6D2jcA24&cup2hreq=1cdd9e016c180c13bf0e85483beb864e2595db11feb71b073ad3db672be2dc62"
            }
          ],
          "SSLCipher": "",
          "SSLVersion": "TLS1.2"
        }
      ],
      "IncludeInScript": true
    },
    {
      "DomainName": "googleapis.com",
      "Domains": [
        {
          "HTTPVersion": "HTTP/1.1",
          "IP": "142.251.1.94",
          "IncludeInScript": false,
          "Name": "update.googleapis.com",
          "Port": 443,
          "Requests": [
            {
              "CompressionType": "gzip",
              "DataType": "application/json",
              "DownloadTime": 15,
              "EventId": 128,
              "HttpStatus": 200,
              "Size": 386,
              "URL": "https://update.googleapis.com/service/update2/json?cup2key=13:ud3gh9fjPxL85miraQfzIFRiyKaLYWPsJnvWTR6xQlM&cup2hreq=4997b028e1489cec08f3c409e335c34171e74af95aff506c8f59c20d5586d374"
            }
          ],
          "SSLCipher": "",
          "SSLVersion": "TLS1.2"
        }
      ],
      "IncludeInScript": true
    },
    {
      "DomainName": "gist.build",
      "Domains": [
        {
          "HTTPVersion": "HTTP/1.1",
          "IP": "34.120.32.134",
          "IncludeInScript": false,
          "Name": "gist-queue-consumer-api.cloud.gist.build",
          "Port": 443,
          "Requests": [
            {
              "CompressionType": "",
              "DataType": "",
              "DownloadTime": 0,
              "EventId": 330,
              "HttpStatus": 304,
              "Size": 0,
              "URL": "https://gist-queue-consumer-api.cloud.gist.build/api/v1/users"
            },
            {
              "CompressionType": "",
              "DataType": "text/html",
              "DownloadTime": 0,
              "EventId": 326,
              "HttpStatus": 204,
              "Size": 0,
              "URL": "https://gist-queue-consumer-api.cloud.gist.build/api/v1/users"
            },
            {
              "CompressionType": "",
              "DataType": "",
              "DownloadTime": 0,
              "EventId": 314,
              "HttpStatus": 304,
              "Size": 0,
              "URL": "https://gist-queue-consumer-api.cloud.gist.build/api/v1/users"
            },
            {
              "CompressionType": "",
              "DataType": "text/html",
              "DownloadTime": 15,
              "EventId": 310,
              "HttpStatus": 204,
              "Size": 0,
              "URL": "https://gist-queue-consumer-api.cloud.gist.build/api/v1/users"
            },
            {
              "CompressionType": "",
              "DataType": "",
              "DownloadTime": 0,
              "EventId": 302,
              "HttpStatus": 304,
              "Size": 0,
              "URL": "https://gist-queue-consumer-api.cloud.gist.build/api/v1/users"
            },
            {
              "CompressionType": "",
              "DataType": "text/html",
              "DownloadTime": 0,
              "EventId": 298,
              "HttpStatus": 204,
              "Size": 0,
              "URL": "https://gist-queue-consumer-api.cloud.gist.build/api/v1/users"
            },
            {
              "CompressionType": "",
              "DataType": "",
              "DownloadTime": 0,
              "EventId": 205,
              "HttpStatus": 304,
              "Size": 0,
              "URL": "https://gist-queue-consumer-api.cloud.gist.build/api/v1/users"
            },
            {
              "CompressionType": "",
              "DataType": "",
              "DownloadTime": 0,
              "EventId": 164,
              "HttpStatus": 304,
              "Size": 0,
              "URL": "https://gist-queue-consumer-api.cloud.gist.build/api/v1/users"
            },
            {
              "CompressionType": "",
              "DataType": "text/html",
              "DownloadTime": 16,
              "EventId": 160,
              "HttpStatus": 204,
              "Size": 0,
              "URL": "https://gist-queue-consumer-api.cloud.gist.build/api/v1/users"
            },
            {
              "CompressionType": "",
              "DataType": "",
              "DownloadTime": 16,
              "EventId": 143,
              "HttpStatus": 304,
              "Size": 0,
              "URL": "https://gist-queue-consumer-api.cloud.gist.build/api/v1/users"
            },
            {
              "CompressionType": "",
              "DataType": "",
              "DownloadTime": 0,
              "EventId": 124,
              "HttpStatus": 304,
              "Size": 0,
              "URL": "https://gist-queue-consumer-api.cloud.gist.build/api/v1/users"
            },
            {
              "CompressionType": "",
              "DataType": "",
              "DownloadTime": 0,
              "EventId": 120,
              "HttpStatus": 304,
              "Size": 0,
              "URL": "https://gist-queue-consumer-api.cloud.gist.build/api/v1/users"
            },
            {
              "CompressionType": "",
              "DataType": "text/html",
              "DownloadTime": 15,
              "EventId": 103,
              "HttpStatus": 204,
              "Size": 0,
              "URL": "https://gist-queue-consumer-api.cloud.gist.build/api/v1/users"
            },
            {
              "CompressionType": "",
              "DataType": "text/html",
              "DownloadTime": 16,
              "EventId": 99,
              "HttpStatus": 204,
              "Size": 0,
              "URL": "https://gist-queue-consumer-api.cloud.gist.build/api/v1/users"
            },
            {
              "CompressionType": "",
              "DataType": "text/html",
              "DownloadTime": 0,
              "EventId": 95,
              "HttpStatus": 204,
              "Size": 0,
              "URL": "https://gist-queue-consumer-api.cloud.gist.build/api/v1/users"
            },
            {
              "CompressionType": "",
              "DataType": "",
              "DownloadTime": 16,
              "EventId": 67,
              "HttpStatus": 304,
              "Size": 0,
              "URL": "https://gist-queue-consumer-api.cloud.gist.build/api/v1/users"
            }
          ],
          "SSLCipher": "",
          "SSLVersion": "TLS1.2"
        }
      ],
      "IncludeInScript": true
    },
    {
      "DomainName": "firefox.com",
      "Domains": [
        {
          "HTTPVersion": "HTTP/1.1",
          "IP": "34.107.221.82",
          "IncludeInScript": false,
          "Name": "detectportal.firefox.com",
          "Port": 80,
          "Requests": [
            {
              "CompressionType": "",
              "DataType": "text/plain",
              "DownloadTime": 16,
              "EventId": 337,
              "HttpStatus": 200,
              "Size": 8,
              "URL": "http://detectportal.firefox.com/success.txt?ipv4"
            },
            {
              "CompressionType": "",
              "DataType": "text/html",
              "DownloadTime": 0,
              "EventId": 333,
              "HttpStatus": 200,
              "Size": 90,
              "URL": "http://detectportal.firefox.com/canonical.html"
            },
            {
              "CompressionType": "",
              "DataType": "text/plain",
              "DownloadTime": 0,
              "EventId": 16,
              "HttpStatus": 200,
              "Size": 8,
              "URL": "http://detectportal.firefox.com/success.txt?ipv4"
            },
            {
              "CompressionType": "",
              "DataType": "text/html",
              "DownloadTime": 15,
              "EventId": 12,
              "HttpStatus": 200,
              "Size": 90,
              "URL": "http://detectportal.firefox.com/canonical.html"
            }
          ],
          "SSLCipher": "None",
          "SSLVersion": "None"
        }
      ],
      "IncludeInScript": true
    },
    {
      "DomainName": "exp-tas.com",
      "Domains": [
        {
          "HTTPVersion": "HTTP/1.1",
          "IP": "13.107.5.93",
          "IncludeInScript": false,
          "Name": "default.exp-tas.com",
          "Port": 443,
          "Requests": [
            {
              "CompressionType": "",
              "DataType": "",
              "DownloadTime": 16,
              "EventId": 201,
              "HttpStatus": 304,
              "Size": 0,
              "URL": "https://default.exp-tas.com/exp017/a5766fee-9478-488b-9fc0-64d1ad72c290-WindowsServices_Evoke/api/v1/tas"
            }
          ],
          "SSLCipher": "",
          "SSLVersion": "TLS1.2"
        }
      ],
      "IncludeInScript": true
    },
    {
      "DomainName": "127.0.0.1",
      "Domains": [
        {
          "HTTPVersion": "HTTP/1.1",
          "IP": "127.0.0.1",
          "IncludeInScript": true,
          "Name": "127.0.0.1",
          "Port": 8090,
          "Requests": [
            {
              "CompressionType": "",
              "DataType": "text/html",
              "DownloadTime": 0,
              "EventId": 321,
              "HttpStatus": 200,
              "Size": 2408,
              "URL": "http://127.0.0.1:8090/WebTours/reservations.pl"
            },
            {
              "CompressionType": "",
              "DataType": "text/html",
              "DownloadTime": 16,
              "EventId": 305,
              "HttpStatus": 200,
              "Size": 2727,
              "URL": "http://127.0.0.1:8090/WebTours/reservations.pl"
            },
            {
              "CompressionType": "",
              "DataType": "text/html",
              "DownloadTime": 16,
              "EventId": 293,
              "HttpStatus": 200,
              "Size": 2358,
              "URL": "http://127.0.0.1:8090/WebTours/reservations.pl"
            },
            {
              "CompressionType": "",
              "DataType": "image/gif",
              "DownloadTime": 0,
              "EventId": 187,
              "HttpStatus": 200,
              "Size": 758,
              "URL": "http://127.0.0.1:8090/WebTours/images/button_next.gif"
            },
            {
              "CompressionType": "",
              "DataType": "text/html",
              "DownloadTime": 0,
              "EventId": 183,
              "HttpStatus": 200,
              "Size": 4182,
              "URL": "http://127.0.0.1:8090/WebTours/reservations.pl?page=welcome"
            },
            {
              "CompressionType": "",
              "DataType": "image/gif",
              "DownloadTime": 0,
              "EventId": 179,
              "HttpStatus": 200,
              "Size": 688,
              "URL": "http://127.0.0.1:8090/WebTours/images/home.gif"
            },
            {
              "CompressionType": "",
              "DataType": "image/gif",
              "DownloadTime": 0,
              "EventId": 175,
              "HttpStatus": 200,
              "Size": 726,
              "URL": "http://127.0.0.1:8090/WebTours/images/in_flights.gif"
            },
            {
              "CompressionType": "",
              "DataType": "text/html",
              "DownloadTime": 0,
              "EventId": 171,
              "HttpStatus": 200,
              "Size": 1476,
              "URL": "http://127.0.0.1:8090/WebTours/nav.pl?page=menu&in=flights"
            },
            {
              "CompressionType": "",
              "DataType": "text/html",
              "DownloadTime": 0,
              "EventId": 167,
              "HttpStatus": 200,
              "Size": 560,
              "URL": "http://127.0.0.1:8090/WebTours/welcome.pl?page=search"
            },
            {
              "CompressionType": "",
              "DataType": "image/gif",
              "DownloadTime": 0,
              "EventId": 86,
              "HttpStatus": 200,
              "Size": 733,
              "URL": "http://127.0.0.1:8090/WebTours/images/itinerary.gif"
            },
            {
              "CompressionType": "",
              "DataType": "image/gif",
              "DownloadTime": 0,
              "EventId": 82,
              "HttpStatus": 200,
              "Size": 726,
              "URL": "http://127.0.0.1:8090/WebTours/images/flights.gif"
            },
            {
              "CompressionType": "",
              "DataType": "text/html",
              "DownloadTime": 0,
              "EventId": 78,
              "HttpStatus": 200,
              "Size": 1476,
              "URL": "http://127.0.0.1:8090/WebTours/nav.pl?page=menu&in=home"
            },
            {
              "CompressionType": "",
              "DataType": "text/html",
              "DownloadTime": 0,
              "EventId": 74,
              "HttpStatus": 200,
              "Size": 911,
              "URL": "http://127.0.0.1:8090/WebTours/login.pl?intro=true"
            },
            {
              "CompressionType": "",
              "DataType": "text/html",
              "DownloadTime": 0,
              "EventId": 70,
              "HttpStatus": 200,
              "Size": 437,
              "URL": "http://127.0.0.1:8090/WebTours/login.pl"
            },
            {
              "CompressionType": "",
              "DataType": "text/html",
              "DownloadTime": 0,
              "EventId": 48,
              "HttpStatus": 200,
              "Size": 2816,
              "URL": "http://127.0.0.1:8090/WebTours/nav.pl?username=007&password=%26%231079%3B%26%231092%3B%26%231099%3B%26%231099%3B%26%231094%3B%26%231097%3B%26%231082%3B%26%231074%3B"
            },
            {
              "CompressionType": "",
              "DataType": "text/html",
              "DownloadTime": 0,
              "EventId": 44,
              "HttpStatus": 200,
              "Size": 1030,
              "URL": "http://127.0.0.1:8090/WebTours/error.pl?error=badPassword"
            },
            {
              "CompressionType": "",
              "DataType": "text/html",
              "DownloadTime": 0,
              "EventId": 40,
              "HttpStatus": 200,
              "Size": 459,
              "URL": "http://127.0.0.1:8090/WebTours/login.pl"
            },
            {
              "CompressionType": "",
              "DataType": "image/gif",
              "DownloadTime": 0,
              "EventId": 32,
              "HttpStatus": 200,
              "Size": 679,
              "URL": "http://127.0.0.1:8090/WebTours/images/mer_login.gif"
            },
            {
              "CompressionType": "",
              "DataType": "image/png",
              "DownloadTime": 0,
              "EventId": 28,
              "HttpStatus": 200,
              "Size": 29614,
              "URL": "http://127.0.0.1:8090/WebTours/images/fonJM.png"
            },
            {
              "CompressionType": "",
              "DataType": "text/html",
              "DownloadTime": 0,
              "EventId": 24,
              "HttpStatus": 200,
              "Size": 2757,
              "URL": "http://127.0.0.1:8090/WebTours/nav.pl?in=home"
            },
            {
              "CompressionType": "",
              "DataType": "text/html",
              "DownloadTime": 0,
              "EventId": 20,
              "HttpStatus": 200,
              "Size": 630,
              "URL": "http://127.0.0.1:8090/WebTours/welcome.pl?signOff=true"
            }
          ],
          "SSLCipher": "None",
          "SSLVersion": "None"
        }
      ],
      "IncludeInScript": true
    }
  ],
  "WebSocket": {
    "IncludeInScript": false,
    "IsScriptIncludeWebSocket": false
  },
  "NumberOfCorrelations": 5
}